Nr identyfikacyjny księgarni zatrudnienia,PESEL,Imię,Nazwisko,Data urodzenia,Wykształcenie,Stanowisko,Data przyjęcia,Data zwolnienia
1,84021475850,Everette,Holmes,2/14/1984,podstawowe,sprzedawca,4/7/2008,2/25/2012
1,84103103558,Maud,Walker,10/31/1984,doktor,sprzedawca,11/30/2006,3/2/2013
1,76092854272,Mariam,Morgan,9/28/1976,magister,sprzedawca,9/9/2004,
1,87021229658,Nathanael,Kuhlman,2/12/1987,licencjat,sprzedawca,5/27/2008,
1,79030528372,Angelina,Peterson,3/5/1979,średnie,dyrektor,8/1/1998,
1,66122976359,Chris,Garcia,12/29/1966,profesor,sprzedawca,6/26/1992,9/19/2008
1,63051059797,Jarrett,Upton,5/10/1963,profesor,sprzedawca,3/16/1990,
1,77033019736,Sybil,Hill,3/30/1977,średnie,sprzedawca,7/25/1996,
2,63050107972,Artie,Snyder,5/1/1963,podstawowe,sprzedawca,6/12/1992,2/7/2006
2,67120748555,Frankie,Russel,12/7/1967,inżynier,sprzedawca,8/24/1996,1/17/2009
2,61110310236,Dorie,Morales,11/3/1961,technik,sprzedawca,5/11/2012,10/4/2014
2,76112016196,Clorinda,Kelley,11/20/1976,inżynier,dyrektor,7/17/2002,
2,80020983255,Gregory,Pacocha,2/9/1980,profesor,sprzedawca,3/18/1998,
2,67010600172,Freda,Wehner,1/6/1967,technik,sprzedawca,7/8/1989,
2,69010248215,Lizzette,Dean,1/2/1969,średnie,sprzedawca,3/20/2005,
2,61082929430,Alfonso,Larson,8/29/1961,licencjat,sprzedawca,3/8/1987,
3,70042136555,Karena,Hamilton,4/21/1970,inżynier,sprzedawca,11/22/1988,6/10/2006
3,82011176039,Jeromy,O'Hara,1/11/1982,licencjat,sprzedawca,5/21/2008,4/8/2013
3,82011630692,Fannie,Day,1/16/1982,inżynier,sprzedawca,7/16/2004,1/8/2006
3,69032579216,Gabriele,Hermann,3/25/1969,inżynier,sprzedawca,5/8/2002,10/8/2009
3,74072062356,Claudine,Simmons,7/20/1974,średnie,sprzedawca,12/7/1995,7/16/2004
3,79090399390,Amos,Myers,9/3/1979,licencjat,sprzedawca,8/26/2002,7/11/2005
3,75042620853,So,Koelpin,4/26/1975,profesor,sprzedawca,11/15/2003,
3,67080525432,Aleen,Flores,8/5/1967,technik,sprzedawca,11/28/2011,
3,79082335098,Omega,Sullivan,8/23/1979,średnie,sprzedawca,10/5/2009,
3,77030294435,Donella,Black,3/2/1977,licencjat,sprzedawca,9/30/1995,
3,82062378534,Bernardo,Garrett,6/23/1982,średnie,dyrektor,8/15/2006,
4,71010563593,Karima,Buckridge,1/5/1971,inżynier,sprzedawca,10/16/1990,11/23/2002
4,80061819799,Miquel,Waters,6/18/1980,doktor,sprzedawca,6/4/2006,8/24/2009
4,63081010898,Genaro,Bergnaum,8/10/1963,technik,sprzedawca,8/11/2008,11/5/2011
4,75032842557,Jesusa,Prohaska,3/28/1975,licencjat,sprzedawca,5/31/1997,
4,85042856875,Griselda,McLaughlin,4/28/1985,technik,sprzedawca,12/26/2009,6/8/2014
4,78041408259,Ileen,Ford,4/14/1978,doktor,dyrektor,4/29/1998,
4,81121484595,Anya,Pfeffer,12/14/1981,profesor,sprzedawca,7/1/2001,
4,77051004350,Beckie,Lawrence,5/10/1977,średnie,sprzedawca,3/1/2000,10/26/2010
4,78011214336,Delphia,Herzog,1/12/1978,licencjat,sprzedawca,2/14/2008,
4,84090648719,Collen,Morgan,9/6/1984,profesor,sprzedawca,12/2/2002,
5,78032874139,Lorita,Hilpert,3/28/1978,podstawowe,dyrektor,10/21/1996,
5,76032333335,Elroy,Wintheiser,3/23/1976,inżynier,sprzedawca,8/6/2005,4/6/2011
5,73052916298,Linnie,Day,5/29/1973,doktor,sprzedawca,3/23/1991,
5,77012291674,Bernita,Volkman,1/22/1977,podstawowe,sprzedawca,6/13/1996,7/21/2010
5,67030900670,Whitley,Howard,3/9/1967,magister,sprzedawca,10/9/1992,
5,72102906852,Jenae,Altenwerth,10/29/1972,profesor,sprzedawca,5/9/2010,
5,80101964298,Kathleen,Cruickshank,10/19/1980,doktor,sprzedawca,11/4/2012,
6,69061448459,Remona,Baker,6/14/1969,doktor,sprzedawca,1/30/2011,
6,64111291999,Romeo,Becker,11/12/1964,licencjat,sprzedawca,11/17/2003,
6,66060556051,Margarette,Bowman,6/5/1966,magister,dyrektor,5/25/2002,
6,78092156217,Juliette,Parker,9/21/1978,inżynier,sprzedawca,5/3/2008,7/16/2011
6,74091763090,Marion,Bergstrom,9/17/1974,licencjat,sprzedawca,5/15/1992,
6,66041175536,Tijuana,Moore,4/11/1966,podstawowe,sprzedawca,2/28/2000,
7,82022547077,Beatris,Hessel,2/25/1982,doktor,dyrektor,6/20/2010,
7,66052124073,Reginia,Stark,5/21/1966,podstawowe,sprzedawca,1/17/1992,
7,77102135538,Jeffie,Green,10/21/1977,inżynier,sprzedawca,10/25/2003,
7,85110627455,Patti,Russell,11/6/1985,inżynier,sprzedawca,5/28/2010,10/30/2013
7,76100159359,Aliza,Willms,10/1/1976,doktor,sprzedawca,7/11/2010,7/14/2013
7,69071755673,Renae,Beer,7/17/1969,profesor,sprzedawca,8/16/2010,
7,88031770770,Larae,Hunter,3/17/1988,średnie,sprzedawca,9/10/2007,
8,66120343715,Scot,D'Amore,12/3/1966,doktor,sprzedawca,12/7/2002,12/14/2006
8,88032091531,Julieta,Kunze,3/20/1988,doktor,sprzedawca,1/28/2007,
8,72080925090,Dario,Littel,8/9/1972,magister,dyrektor,7/18/1994,
8,90030679578,Emilia,Witting,3/6/1990,inżynier,sprzedawca,10/28/2012,
8,85070373533,Vern,Ford,7/3/1985,profesor,sprzedawca,5/27/2004,
8,87030127156,Oren,Cronin,3/1/1987,średnie,sprzedawca,2/14/2012,
9,68010374531,Carlita,Nichols,1/3/1968,doktor,sprzedawca,10/30/1989,12/29/1993
9,86091635310,Wanda,Donnelly,9/16/1986,średnie,sprzedawca,2/14/2009,
9,76062249996,Damion,Boyer,6/22/1976,podstawowe,sprzedawca,7/25/2007,
9,68092744857,Rusty,Herman,9/27/1968,średnie,dyrektor,5/10/1987,
9,83051255733,Patrica,Lemke,5/12/1983,średnie,sprzedawca,1/16/2002,
9,64060207496,Hisako,Hanson,6/2/1964,magister,sprzedawca,4/10/2000,
10,62110949035,Maris,Gutkowski,11/9/1962,technik,sprzedawca,2/17/1983,1/23/1997
10,75032906839,Elvira,Burke,3/29/1975,inżynier,sprzedawca,12/25/1995,
10,80113097555,Kaci,Mertz,11/30/1980,profesor,sprzedawca,5/12/2002,12/14/2013
10,87040109610,Dorcas,Langworth,4/1/1987,podstawowe,sprzedawca,3/24/2008,4/1/2013
10,70040810554,Irvin,Boehm,4/8/1970,profesor,sprzedawca,11/15/1992,7/16/2011
10,83020752511,Rossie,Cummings,2/7/1983,inżynier,dyrektor,6/9/2005,
10,74110480432,Trula,Altenwerth,11/4/1974,profesor,sprzedawca,12/20/1996,
10,72042209710,Jenifer,Reid,4/22/1972,technik,sprzedawca,7/19/2011,
11,88021733978,Youlanda,Gray,2/17/1988,inżynier,sprzedawca,10/31/2007,
11,68033040031,Bethann,Stracke,3/30/1968,profesor,sprzedawca,11/7/1995,10/10/2008
11,77060703671,Wallace,Schuppe,6/7/1977,licencjat,dyrektor,5/18/2011,
11,72052481858,Ela,Reynolds,5/24/1972,licencjat,sprzedawca,10/21/1998,5/31/2005
11,68122894473,Marge,Abernathy,12/28/1968,doktor,sprzedawca,6/24/2010,
11,63082972678,Marianela,Torphy,8/29/1963,licencjat,sprzedawca,3/10/2000,
11,67123091711,Cinderella,Lee,12/30/1967,magister,sprzedawca,12/28/1985,
12,76112442519,Flo,Bartoletti,11/24/1976,podstawowe,sprzedawca,11/27/1999,7/30/2001
12,84010763153,Ermelinda,Christiansen,1/7/1984,średnie,sprzedawca,11/27/2010,5/1/2013
12,82072696974,Doria,Kessler,7/26/1982,doktor,sprzedawca,12/24/2006,
12,64011498997,Tamara,Bins,1/14/1964,inżynier,sprzedawca,12/24/2007,7/13/2012
12,63042726211,Anne,Fadel,4/27/1963,doktor,sprzedawca,8/18/2002,1/26/2011
12,74010803771,Violette,Auer,1/8/1974,średnie,sprzedawca,1/27/2001,
12,75042054014,Carmel,Kirlin,4/20/1975,średnie,sprzedawca,12/31/2006,
12,88050620016,Therese,Kilback,5/6/1988,magister,dyrektor,3/3/2007,
12,66032924251,Minna,Hilll,3/29/1966,licencjat,sprzedawca,4/22/2009,
13,65052388317,Juliann,Schuster,5/23/1965,doktor,dyrektor,3/17/2001,
13,90122776213,Torie,Baumbach,12/27/1990,podstawowe,sprzedawca,12/12/2008,6/28/2013
13,66120435513,Tamara,Crooks,12/4/1966,profesor,sprzedawca,7/22/2004,
13,61110731156,Ramiro,Hammes,11/7/1961,magister,sprzedawca,5/13/2008,
13,84062072814,Cecille,Runolfsdottir,6/20/1984,podstawowe,sprzedawca,2/8/2005,8/20/2010
13,63100819639,Faith,Bell,10/8/1963,średnie,sprzedawca,9/26/1992,
13,79031603759,Monroe,Burke,3/16/1979,doktor,sprzedawca,5/4/1999,2/12/2007
13,83011541832,Mariann,Donnelly,1/15/1983,licencjat,sprzedawca,5/2/2004,3/10/2006
13,89050780957,Saul,Carroll,5/7/1989,doktor,sprzedawca,4/17/2012,
14,72092835552,Dot,Snyder,9/28/1972,średnie,sprzedawca,4/26/2006,
14,67121498893,Tyisha,Wehner,12/14/1967,profesor,sprzedawca,3/27/1988,
14,82072613472,Serafina,Bishop,7/26/1982,licencjat,sprzedawca,4/3/2000,
14,82091595252,Evelina,Pouros,9/15/1982,średnie,sprzedawca,4/24/2009,9/19/2013
14,69022025778,Brandy,Hammes,2/20/1969,profesor,sprzedawca,1/12/1997,
14,61072309950,Dalene,Nienow,7/23/1961,technik,dyrektor,11/8/2005,
15,87102618652,Heather,Clark,10/26/1987,średnie,dyrektor,4/13/2009,
15,73070911914,Louetta,Bishop,7/9/1973,podstawowe,sprzedawca,2/24/2012,
15,88032686078,Lynna,Ferry,3/26/1988,podstawowe,sprzedawca,10/7/2011,10/23/2014
15,72011677111,Burma,Bowman,1/16/1972,technik,sprzedawca,3/29/2004,
15,62012469055,Zelma,Burke,1/24/1962,podstawowe,sprzedawca,4/23/1983,3/1/2008
15,75060349172,Jerrica,Harvey,6/3/1975,doktor,sprzedawca,3/9/1997,2/24/2002
15,83102898256,Rosy,Block,10/28/1983,średnie,sprzedawca,11/10/2006,11/1/2013
15,86053152572,Lizette,Botsford,5/31/1986,profesor,sprzedawca,11/22/2009,
15,68100883677,Alana,Schuster,10/8/1968,inżynier,sprzedawca,9/13/1997,
16,72111969831,Gilbert,Fowler,11/19/1972,technik,sprzedawca,9/9/1996,
16,75120620115,Romona,Wheeler,12/6/1975,średnie,dyrektor,11/17/2012,
16,90041607575,Debera,Russell,4/16/1990,podstawowe,sprzedawca,10/24/2010,
16,86082335072,Sade,Carroll,8/23/1986,podstawowe,sprzedawca,5/6/2009,
16,82083013975,Jerald,Grimes,8/30/1982,średnie,sprzedawca,3/27/2004,10/18/2012
16,69110988356,Kurtis,Gutkowski,11/9/1969,doktor,sprzedawca,1/14/2011,
17,82100103694,Rosia,Bennett,10/1/1982,licencjat,dyrektor,6/5/2000,
17,72112161874,Wyatt,Schaefer,11/21/1972,technik,sprzedawca,11/3/1999,
17,71041807516,Shanell,Sullivan,4/18/1971,technik,sprzedawca,12/27/2012,
17,82051408271,Jaclyn,Schneider,5/14/1982,średnie,sprzedawca,4/21/2000,12/4/2004
17,90072209854,Merri,Ondricka,7/22/1990,licencjat,sprzedawca,2/18/2012,
17,66120368839,Natosha,Mohr,12/3/1966,licencjat,sprzedawca,9/21/1986,
18,71070386310,Dorathy,Larkin,7/3/1971,profesor,sprzedawca,9/23/1993,3/1/1996
18,75011692052,Micheline,Robertson,1/16/1975,inżynier,dyrektor,12/5/1994,
18,74042638338,Damion,Phillips,4/26/1974,technik,sprzedawca,2/10/1994,11/26/1996
18,67050268419,Waylon,Beer,5/2/1967,magister,sprzedawca,5/11/2005,
18,84020681557,Thuy,Young,2/6/1984,technik,sprzedawca,3/3/2012,1/15/2014
18,84083028076,Kathline,Gerhold,8/30/1984,magister,sprzedawca,2/5/2005,5/9/2010
18,77042137272,Carissa,Schumm,4/21/1977,licencjat,sprzedawca,4/7/1995,
18,67032677132,Muriel,Edwards,3/26/1967,magister,sprzedawca,2/21/1994,
18,63010850234,Sueann,Evans,1/8/1963,inżynier,sprzedawca,4/13/1988,6/16/2005
18,62091485131,Kiara,Schmidt,9/14/1962,licencjat,sprzedawca,9/25/1981,
19,68060654814,Linette,O'Hara,6/6/1968,podstawowe,sprzedawca,3/29/1994,3/31/2007
19,83081611455,Amos,Russell,8/16/1983,średnie,sprzedawca,5/8/2002,8/30/2004
19,86040156837,Charley,Coleman,4/1/1986,magister,sprzedawca,1/18/2011,
19,80083118195,Margaretta,Green,8/31/1980,licencjat,sprzedawca,8/2/2003,
19,75120519558,Suzanna,Windler,12/5/1975,podstawowe,sprzedawca,10/19/2010,
19,76030762678,Angelyn,Shields,3/7/1976,podstawowe,sprzedawca,2/29/2008,12/18/2014
19,61121964572,Angella,Feil,12/19/1961,doktor,sprzedawca,8/30/1989,
19,87121691294,Pablo,Kuhlman,12/16/1987,profesor,dyrektor,10/15/2006,
20,71091104090,Quentin,Cummings,9/11/1971,inżynier,sprzedawca,4/8/2003,
20,71101240211,Bonita,Mraz,10/12/1971,podstawowe,sprzedawca,12/15/1991,
20,78081376132,Ashlie,Roob,8/13/1978,profesor,sprzedawca,9/6/1997,
20,76061877293,Eleanora,Howard,6/18/1976,średnie,dyrektor,3/31/1996,
20,77102926471,Dan,Hammes,10/29/1977,średnie,sprzedawca,1/19/2000,
21,87120282479,Stacy,Toy,12/2/1987,doktor,sprzedawca,1/5/2011,
21,81101779930,Wesley,Kim,10/17/1981,magister,sprzedawca,4/2/2005,9/6/2008
21,61022231775,Roberta,Green,2/22/1961,magister,dyrektor,4/17/2008,
21,82101249094,Jen,Lind,10/12/1982,profesor,sprzedawca,12/17/2012,
21,84041456079,Vilma,Heathcote,4/14/1984,magister,sprzedawca,10/17/2007,5/29/2009
21,87100278555,Ashlee,Bishop,10/2/1987,magister,sprzedawca,2/22/2011,
21,74072340694,Raelene,Webb,7/23/1974,podstawowe,sprzedawca,1/3/2006,11/29/2014
21,85082794834,Simone,Jenkins,8/27/1985,technik,sprzedawca,12/2/2007,3/2/2013
21,62012266096,Jayme,Osinski,1/22/1962,średnie,sprzedawca,5/6/2008,10/24/2014
21,61021393698,Tomoko,Gray,2/13/1961,inżynier,sprzedawca,10/20/2003,
22,72042190834,Genevie,Powell,4/21/1972,średnie,sprzedawca,10/28/2006,12/2/2014
22,87021362131,Celinda,O'Reilly,2/13/1987,inżynier,sprzedawca,3/24/2011,
22,70011394973,Shona,Cole,1/13/1970,doktor,dyrektor,8/25/2011,
22,88070278471,Wanetta,Ford,7/2/1988,profesor,sprzedawca,7/11/2010,
22,81061349318,Basilia,Lubowitz,6/13/1981,podstawowe,sprzedawca,3/22/2008,
22,89012191298,Yuette,Towne,1/21/1989,inżynier,sprzedawca,2/15/2010,
23,81082325395,Lady,Becker,8/23/1981,profesor,sprzedawca,10/21/2012,11/30/2014
23,74110662012,Kara,Morales,11/6/1974,średnie,sprzedawca,1/23/1997,10/5/2002
23,85061286097,Sherilyn,Carr,6/12/1985,magister,sprzedawca,6/7/2012,
23,89041960250,Luvenia,Bell,4/19/1989,inżynier,sprzedawca,4/27/2009,
23,81050270359,Rebbeca,Howard,5/2/1981,licencjat,dyrektor,5/21/2002,
23,83022265091,Hayden,Ankunding,2/22/1983,magister,sprzedawca,1/25/2002,
23,72032726311,Fabiola,Ross,3/27/1972,licencjat,sprzedawca,12/18/2008,
24,80042049454,Bernie,Henry,4/20/1980,podstawowe,sprzedawca,7/12/2012,5/20/2014
24,84090815797,Lacresha,Hernandez,9/8/1984,doktor,dyrektor,5/17/2007,
24,61012662239,Johnnie,Wolff,1/26/1961,magister,sprzedawca,3/5/2011,
24,74030477053,Lorilee,Tremblay,3/4/1974,doktor,sprzedawca,6/2/2003,
24,65061905932,Leesa,Morales,6/19/1965,inżynier,sprzedawca,2/16/2000,9/5/2002
24,64092011971,Joline,Pacocha,9/20/1964,magister,sprzedawca,10/22/1988,
24,80051868716,Teressa,Wright,5/18/1980,magister,sprzedawca,8/19/2001,
25,66022488936,Serina,Borer,2/24/1966,profesor,dyrektor,7/8/2009,
25,76050633217,Marin,Halvorson,5/6/1976,doktor,sprzedawca,10/26/2011,
25,69041292551,Yulanda,Durgan,4/12/1969,podstawowe,sprzedawca,9/26/2012,
25,69091700293,Henrietta,Wagner,9/17/1969,technik,sprzedawca,7/25/1997,
25,89121264096,Johnsie,Langosh,12/12/1989,technik,sprzedawca,5/10/2008,
26,64032621376,Danette,Boyle,3/26/1964,technik,sprzedawca,4/26/1991,
26,66080552950,Tanya,Waters,8/5/1966,profesor,sprzedawca,4/22/1994,
26,85021725518,Natashia,Will,2/17/1985,podstawowe,sprzedawca,9/8/2007,
26,78121946798,Stacee,Morales,12/19/1978,doktor,sprzedawca,9/27/2004,
26,66060983093,Grayce,Kelley,6/9/1966,doktor,dyrektor,3/16/1984,
27,80120235379,Laronda,Kuhic,12/2/1980,profesor,sprzedawca,12/20/2006,
27,66082489131,Seth,Shields,8/24/1966,technik,dyrektor,12/16/1984,
27,77041220737,Tori,Paucek,4/12/1977,magister,sprzedawca,12/15/1999,
27,69012500092,Maranda,Kuvalis,1/25/1969,doktor,sprzedawca,8/30/2002,7/9/2012
27,77031527451,Catrina,Kub,3/15/1977,podstawowe,sprzedawca,10/31/2006,
27,79112310017,Pilar,Rivera,11/23/1979,profesor,sprzedawca,12/28/2002,
28,67010762698,Syreeta,McClure,1/7/1967,inżynier,sprzedawca,4/3/2009,
28,65120378378,Lora,Satterfield,12/3/1965,średnie,sprzedawca,6/23/2008,6/16/2014
28,80120195639,Cristi,Jacobson,12/1/1980,profesor,sprzedawca,3/25/2009,5/9/2013
28,72080265932,Deandrea,Gorczany,8/2/1972,technik,sprzedawca,4/22/2000,
28,69020723074,Risa,Pacocha,2/7/1969,inżynier,sprzedawca,5/23/2011,2/7/2014
28,63062074132,Amiee,Eichmann,6/20/1963,profesor,sprzedawca,3/21/1994,
28,61110330911,Laverne,Kohler,11/3/1961,magister,sprzedawca,1/1/2002,
28,84072722376,Samual,Ross,7/27/1984,magister,dyrektor,3/13/2006,
29,80080839552,Mayola,Reilly,8/8/1980,profesor,sprzedawca,12/8/2012,1/29/2014
29,68081366536,Minta,Hegmann,8/13/1968,licencjat,sprzedawca,6/10/2005,10/24/2013
29,75083102659,Ginny,Oliver,8/31/1975,doktor,sprzedawca,8/19/1993,1/20/2008
29,74031696471,Tawny,Corwin,3/16/1974,podstawowe,sprzedawca,8/23/1992,
29,66120844919,Veronique,Christiansen,12/8/1966,doktor,sprzedawca,6/14/1987,1/5/2011
29,74071514571,Jayson,Evans,7/15/1974,podstawowe,sprzedawca,9/4/2001,6/19/2014
29,78040294259,Winona,Donnelly,4/2/1978,inżynier,sprzedawca,11/20/2010,
29,70031442753,Charis,Schmeler,3/14/1970,technik,sprzedawca,6/4/1996,3/20/2010
29,67022708473,Chauncey,Grant,2/27/1967,licencjat,sprzedawca,1/9/2001,5/14/2006
29,85041885058,Eusebio,Cox,4/18/1985,doktor,sprzedawca,9/14/2004,8/27/2006
29,62051786399,Armando,Maggio,5/17/1962,inżynier,dyrektor,10/20/2002,
29,85072374259,Emmaline,Aimonetti,7/23/1985,średnie,sprzedawca,10/25/2006,
29,74101213933,Ebony,Reilly,10/12/1974,licencjat,sprzedawca,10/16/1992,12/22/2008
29,82112994611,Audry,Doyle,11/29/1982,licencjat,sprzedawca,11/24/2008,
30,61042380273,Bridgette,Stroman,4/23/1961,profesor,sprzedawca,3/18/2003,
30,78011527753,Hilde,Sanford,1/15/1978,doktor,sprzedawca,6/7/1999,
30,78090580517,Gayle,Bartoletti,9/5/1978,inżynier,dyrektor,2/6/2006,
30,63091108754,Hildegard,Baumbach,9/11/1963,podstawowe,sprzedawca,8/30/2002,
30,84031082013,Cortney,Scott,3/10/1984,inżynier,sprzedawca,12/29/2008,7/24/2013
30,66020156813,Toi,Dickens,2/1/1966,podstawowe,sprzedawca,3/17/1996,
31,88122019414,Jame,Dickinson,12/20/1988,profesor,sprzedawca,6/28/2008,12/26/2012
31,72053001114,Tiara,Lind,5/30/1972,inżynier,dyrektor,2/12/1992,
31,62080331319,Carlyn,Mcdonald,8/3/1962,doktor,sprzedawca,6/17/2008,
31,90122923097,Kathern,Dickinson,12/29/1990,doktor,sprzedawca,6/13/2010,
31,86062722294,Rozella,Deckow,6/27/1986,profesor,sprzedawca,12/8/2005,3/21/2013
31,70092653015,Peggy,Harvey,9/26/1970,licencjat,sprzedawca,4/16/1995,
31,76112731431,Mariette,Casper,11/27/1976,profesor,sprzedawca,12/19/2010,
32,71042814638,Sherley,Weber,4/28/1971,licencjat,sprzedawca,10/23/2000,2/13/2009
32,75100346619,Terresa,Chavez,10/3/1975,technik,sprzedawca,2/13/1993,
32,78061933557,Elodia,O'Connell,6/19/1978,profesor,dyrektor,1/2/1998,
32,78041120676,Gabriella,Gulgowski,4/11/1978,średnie,sprzedawca,3/26/1998,
32,62072271359,Bradley,Gordon,7/22/1962,profesor,sprzedawca,4/15/1987,
32,80020764935,Verona,Wilderman,2/7/1980,profesor,sprzedawca,4/18/2007,10/29/2012
32,64062435334,Isadora,Feest,6/24/1964,doktor,sprzedawca,10/13/1999,
33,70032661911,Afton,Mante,3/26/1970,technik,sprzedawca,7/24/1989,
33,62060116954,Candra,Keeling,6/1/1962,licencjat,sprzedawca,8/6/1991,1/27/1993
33,80072157158,Mario,Jacobs,7/21/1980,technik,sprzedawca,6/19/2009,
33,82102340398,Carlo,Alexander,10/23/1982,średnie,sprzedawca,2/27/2007,12/6/2012
33,89092343396,Pamula,Bishop,9/23/1989,profesor,sprzedawca,5/7/2009,12/27/2012
33,68022008211,Porfirio,Kulas,2/20/1968,średnie,sprzedawca,12/26/1996,
33,78071120150,Freeda,Wheeler,7/11/1978,licencjat,sprzedawca,5/29/1997,
33,64061931770,Leonel,Robel,6/19/1964,inżynier,dyrektor,7/19/1985,
34,85090181457,Chadwick,Fowler,9/1/1985,podstawowe,sprzedawca,7/11/2006,3/16/2008
34,63112725517,Sang,Beatty,11/27/1963,licencjat,sprzedawca,2/17/2000,
34,74052528032,Andy,Moreno,5/25/1974,średnie,dyrektor,5/28/2008,
34,63101120596,Gale,Kassulke,10/11/1963,doktor,sprzedawca,6/7/1997,
34,74081052416,Rona,Rose,8/10/1974,inżynier,sprzedawca,9/24/1998,
34,86062285313,May,Hyatt,6/22/1986,doktor,sprzedawca,7/20/2006,
35,83022126093,Vinita,Homenick,2/21/1983,średnie,dyrektor,10/15/2011,
35,85122492593,Lilia,Brown,12/24/1985,średnie,sprzedawca,6/6/2009,2/26/2013
35,86050528051,Thao,Kunze,5/5/1986,inżynier,sprzedawca,12/8/2009,
35,65032071932,Theo,Koepp,3/20/1965,profesor,sprzedawca,9/24/1984,9/8/1987
35,69032905691,Jere,Jackson,3/29/1969,profesor,sprzedawca,11/13/1996,
35,72043013699,Mitsuko,Russell,4/30/1972,inżynier,sprzedawca,2/9/2008,
35,62040897390,Bonnie,Rath,4/8/1962,doktor,sprzedawca,3/9/1980,12/20/1987
35,76103044375,Chara,Metz,10/30/1976,średnie,sprzedawca,9/10/2010,8/20/2014
35,76011648753,Claire,Auer,1/16/1976,licencjat,sprzedawca,5/10/2005,
36,82122846117,Soo,Raynor,12/28/1982,licencjat,sprzedawca,10/15/2002,
36,83121226490,Mayola,Erdman,12/12/1983,podstawowe,sprzedawca,3/17/2003,
36,88090690257,Shila,Ward,9/6/1988,profesor,dyrektor,8/29/2011,
36,71012005910,Octavia,Abshire,1/20/1971,magister,sprzedawca,11/14/1989,
36,71022414898,Angelia,Kreiger,2/24/1971,podstawowe,sprzedawca,10/3/2012,
37,87120872492,Luise,Champlin,12/8/1987,licencjat,sprzedawca,5/2/2005,5/10/2008
37,69071353376,Sherlyn,Hintz,7/13/1969,licencjat,sprzedawca,5/10/2010,9/16/2012
37,78020983832,So,Fritsch,2/9/1978,licencjat,sprzedawca,6/2/2000,
37,84090386039,Yvonne,Simonis,9/3/1984,magister,sprzedawca,7/1/2004,4/3/2008
37,66061740895,Arcelia,Foster,6/17/1966,magister,sprzedawca,5/18/1988,
37,83091865831,Shayla,Volkman,9/18/1983,magister,sprzedawca,4/21/2008,9/8/2012
37,77082631176,Dania,Williams,8/26/1977,magister,sprzedawca,8/25/1998,1/8/2014
37,73021338773,Scott,Schumm,2/13/1973,średnie,sprzedawca,1/1/1991,
37,82053155898,Manuela,Purdy,5/31/1982,magister,dyrektor,10/11/2005,
37,62071530693,Hang,Weaver,7/15/1962,magister,sprzedawca,2/9/2005,
38,73111201796,Tova,Matthews,11/12/1973,magister,sprzedawca,3/12/2005,
38,87102107554,Shara,Banks,10/21/1987,doktor,dyrektor,1/9/2007,
38,65022395796,Janina,Sawayn,2/23/1965,technik,sprzedawca,6/18/1990,
38,84091422071,Elwanda,Effertz,9/14/1984,technik,sprzedawca,4/30/2005,
38,62071379751,Concepcion,Lubowitz,7/13/1962,profesor,sprzedawca,2/24/2010,
39,64012362550,Madonna,Bosco,1/23/1964,technik,sprzedawca,11/20/1996,9/13/2000
39,86042696597,Chi,Boyer,4/26/1986,magister,sprzedawca,8/13/2006,3/1/2014
39,75100308619,Long,Kertzmann,10/3/1975,podstawowe,sprzedawca,2/20/1997,
39,87090898931,Gene,Holmes,9/8/1987,podstawowe,sprzedawca,10/24/2009,
39,68112836216,Jetta,Hauck,11/28/1968,technik,sprzedawca,8/27/1991,
39,65041765095,Arlean,Corwin,4/17/1965,średnie,sprzedawca,6/5/2008,11/24/2012
39,66011267775,Jacqulyn,Dare,1/12/1966,doktor,sprzedawca,8/10/2000,
39,72020965270,Sharri,Beier,2/9/1972,inżynier,dyrektor,1/14/1992,
40,66070346055,Florrie,Wyman,7/3/1966,podstawowe,sprzedawca,10/22/2007,1/31/2013
40,86051438292,Librada,Daugherty,5/14/1986,magister,sprzedawca,11/21/2011,
40,62041092992,Curt,Langosh,4/10/1962,profesor,sprzedawca,7/1/2009,2/20/2014
40,61011877553,Tawanna,Orn,1/18/1961,magister,sprzedawca,7/29/2005,
40,70120369097,Larhonda,Scott,12/3/1970,podstawowe,sprzedawca,5/30/2004,
40,89041565257,Hilton,Marks,4/15/1989,technik,dyrektor,11/9/2012,
40,62011545671,Randee,Barrows,1/15/1962,licencjat,sprzedawca,10/19/1983,
41,69011823918,Malvina,Braun,1/18/1969,licencjat,dyrektor,2/6/1987,
41,74120702876,Sebastian,Hughes,12/7/1974,podstawowe,sprzedawca,9/22/1992,
41,74071226131,Hassan,Robinson,7/12/1974,magister,sprzedawca,3/1/1997,
41,69120909354,Candance,Tremblay,12/9/1969,podstawowe,sprzedawca,1/18/2005,
41,78092270016,Mauro,Treutel,9/22/1978,średnie,sprzedawca,4/8/1999,
42,82050644410,Catharine,Barnes,5/6/1982,średnie,sprzedawca,7/27/2007,
42,64030822274,Margherita,Lang,3/8/1964,średnie,sprzedawca,1/18/2000,
42,87012681418,Vonda,Simonis,1/26/1987,magister,dyrektor,9/9/2009,
42,89123118539,Pearline,Murazik,12/31/1989,doktor,sprzedawca,12/3/2012,
42,85122780896,Melinda,Duncan,12/27/1985,podstawowe,sprzedawca,8/8/2010,
43,90112304631,Chere,Elliott,11/23/1990,podstawowe,sprzedawca,1/29/2011,
43,72101904233,Jacki,Schimmel,10/19/1972,profesor,dyrektor,7/8/1997,
43,63022376391,Tu,Simpson,2/23/1963,podstawowe,sprzedawca,12/16/2001,
43,61061650735,Malik,Russel,6/16/1961,inżynier,sprzedawca,1/3/1983,10/25/2003
43,83021988038,Sheila,Dixon,2/19/1983,profesor,sprzedawca,8/7/2001,
43,71051297215,Nolan,Morales,5/12/1971,magister,sprzedawca,1/19/1995,
44,85092351597,Kamala,Nikolaus,9/23/1985,licencjat,sprzedawca,11/23/2011,12/11/2013
44,80041981315,Fumiko,Lubowitz,4/19/1980,średnie,sprzedawca,8/27/2002,
44,90042423275,Jayme,Emmerich,4/24/1990,magister,sprzedawca,3/8/2011,9/23/2013
44,84101236931,Toya,Moreno,10/12/1984,podstawowe,sprzedawca,7/20/2003,
44,77062254632,Clinton,Maggio,6/22/1977,średnie,sprzedawca,11/4/1998,12/10/2000
44,84122958656,Garfield,Riley,12/29/1984,doktor,sprzedawca,7/18/2004,
44,66110377779,Wendolyn,Hanson,11/3/1966,technik,dyrektor,5/1/2012,
44,71072856819,Jerica,Nicolas,7/28/1971,licencjat,sprzedawca,8/6/2000,
45,79112179799,Brianne,Larson,11/21/1979,podstawowe,dyrektor,5/2/2009,
45,90101775877,Sina,West,10/17/1990,inżynier,sprzedawca,9/6/2011,
45,64082795038,Elouise,Pfannerstill,8/27/1964,licencjat,sprzedawca,9/26/2008,
45,86041643750,Raylene,Ziemann,4/16/1986,technik,sprzedawca,8/31/2012,
45,83111916013,Kasandra,Haley,11/19/1983,inżynier,sprzedawca,12/28/2002,2/12/2004
45,70021100375,Trisha,D'Amore,2/11/1970,technik,sprzedawca,3/19/1995,3/13/1997
45,68052632974,Somer,Moen,5/26/1968,inżynier,sprzedawca,3/29/2004,
46,88012362792,Verona,Aimonetti,1/23/1988,magister,sprzedawca,7/4/2012,
46,62070431995,Evie,Willms,7/4/1962,profesor,sprzedawca,6/9/1984,
46,68080834272,Bernardina,Ramirez,8/8/1968,licencjat,sprzedawca,3/5/2005,
46,82020599458,Georgetta,McKenzie,2/5/1982,magister,dyrektor,12/31/2001,
46,69121205732,Janise,Goyette,12/12/1969,licencjat,sprzedawca,4/20/2012,7/15/2014
46,64010848939,Stephany,Hilpert,1/8/1964,magister,sprzedawca,12/1/2002,
47,68112327493,Kelli,Russell,11/23/1968,technik,dyrektor,4/13/1997,
47,76081064811,Katherine,Murray,8/10/1976,magister,sprzedawca,5/6/2011,
47,90110210017,Annie,Barrows,11/2/1990,średnie,sprzedawca,2/5/2012,
47,61021588076,Darron,Rosenbaum,2/15/1961,technik,sprzedawca,3/27/2004,
47,83070106391,Ula,Yost,7/1/1983,technik,sprzedawca,4/7/2011,
48,66070336298,Juliane,Marks,7/3/1966,profesor,sprzedawca,6/15/1984,
48,62110911878,Laraine,Greenholt,11/9/1962,inżynier,dyrektor,7/8/2008,
48,65062771576,Kenda,Beahan,6/27/1965,średnie,sprzedawca,3/14/1995,
48,88060415497,Antonetta,Sawayn,6/4/1988,doktor,sprzedawca,11/13/2006,8/8/2014
48,81031115196,Markita,Stephens,3/11/1981,licencjat,sprzedawca,2/25/2005,
48,83071104978,Glayds,Spinka,7/11/1983,licencjat,sprzedawca,4/20/2003,
49,80102930713,Conception,McGlynn,10/29/1980,inżynier,sprzedawca,11/18/2008,
49,90032581659,Yuki,Simpson,3/25/1990,technik,sprzedawca,6/24/2009,
49,66092367472,Tessie,Ford,9/23/1966,średnie,sprzedawca,12/1/1985,
49,81081174693,Cassie,Rogahn,8/11/1981,doktor,dyrektor,1/9/2003,
49,61022491319,Doria,Abernathy,2/24/1961,profesor,sprzedawca,3/12/1991,
50,61021318934,Ai,Denesik,2/13/1961,podstawowe,sprzedawca,4/27/1986,
50,69092344559,Gerald,Kelly,9/23/1969,średnie,sprzedawca,5/17/2003,8/26/2008
50,83021548113,Ines,Pfeffer,2/15/1983,magister,sprzedawca,3/6/2001,
50,76122574211,Cristy,Berry,12/25/1976,magister,sprzedawca,3/20/2011,6/14/2013
50,83101343016,Cesar,Champlin,10/13/1983,magister,dyrektor,1/31/2007,
50,70051148194,Willis,Strosin,5/11/1970,średnie,sprzedawca,11/17/2006,
50,70120796114,Velvet,Hunter,12/7/1970,inżynier,sprzedawca,4/22/1997,7/23/2009
50,87050907059,Ebonie,Schuster,5/9/1987,inżynier,sprzedawca,2/20/2010,11/4/2012
50,68100711974,Su,Russell,10/7/1968,podstawowe,sprzedawca,5/20/1992,
51,63072154677,Garrett,Olson,7/21/1963,technik,sprzedawca,2/15/2006,
51,86071961130,Cynthia,Larkin,7/19/1986,licencjat,sprzedawca,6/6/2005,
51,79110955278,Marlys,Mendoza,11/9/1979,profesor,sprzedawca,8/7/2005,12/15/2010
51,70121959934,Naoma,Butler,12/19/1970,doktor,dyrektor,11/16/2012,
51,63100332015,Emely,Daugherty,10/3/1963,inżynier,sprzedawca,10/13/1999,
51,89120618056,Marie,Ramos,12/6/1989,licencjat,sprzedawca,8/17/2008,
52,90062913330,Darrick,Predovic,6/29/1990,licencjat,sprzedawca,6/12/2010,
52,86070930834,Ranae,Carpenter,7/9/1986,licencjat,sprzedawca,6/11/2004,
52,72120232555,Magali,Smith,12/2/1972,licencjat,dyrektor,10/14/2005,
52,89020235034,Fonda,Corwin,2/2/1989,doktor,sprzedawca,5/26/2007,
52,73091472391,China,Swaniawski,9/14/1973,inżynier,sprzedawca,5/19/2011,1/5/2014
52,78122503275,Molly,Howe,12/25/1978,magister,sprzedawca,1/2/2007,
53,64022743295,Andre,Sanford,2/27/1964,podstawowe,dyrektor,6/2/2012,
53,75050839272,Lola,Dean,5/8/1975,podstawowe,sprzedawca,4/19/1995,
53,69112784875,Wanita,Hettinger,11/27/1969,podstawowe,sprzedawca,7/12/1995,
53,68042583491,Marry,Krajcik,4/25/1968,inżynier,sprzedawca,6/8/2012,
53,86080706456,Norberto,Daniel,8/7/1986,inżynier,sprzedawca,2/18/2006,
54,89101178056,Doreen,Jackson,10/11/1989,podstawowe,sprzedawca,3/2/2009,6/7/2013
54,76021100452,Vena,Kutch,2/11/1976,licencjat,sprzedawca,5/23/1994,10/18/2011
54,74102934594,Tressie,Little,10/29/1974,technik,sprzedawca,9/7/1993,
54,65030306557,Buster,Sauer,3/3/1965,profesor,sprzedawca,8/7/2003,
54,63012759296,Vannessa,Mccoy,1/27/1963,technik,dyrektor,9/1/1983,
54,78072477930,Kecia,Pagac,7/24/1978,profesor,sprzedawca,5/20/2005,6/29/2010
54,87110756416,Earline,Hall,11/7/1987,doktor,sprzedawca,12/12/2008,1/9/2012
54,72040284674,Chanell,Hauck,4/2/1972,inżynier,sprzedawca,8/1/2008,
54,89093064674,Heather,Rempel,9/30/1989,licencjat,sprzedawca,11/18/2011,
55,90010178099,Shonna,Barrows,1/1/1990,podstawowe,sprzedawca,12/21/2009,
55,69122434054,Shelba,Greenfelder,12/24/1969,średnie,sprzedawca,1/14/2003,
55,78030994011,Akiko,Gordon,3/9/1978,technik,dyrektor,1/10/2009,
55,61011777938,Ezra,Stanley,1/17/1961,licencjat,sprzedawca,6/12/1998,
55,73121364276,Yung,Schneider,12/13/1973,technik,sprzedawca,9/7/1992,
56,78101652435,Boyd,Eichmann,10/16/1978,profesor,sprzedawca,4/5/2002,
56,81040237711,Evelina,Jackson,4/2/1981,inżynier,dyrektor,2/6/2009,
56,83072319276,Carlotta,Ullrich,7/23/1983,technik,sprzedawca,11/6/2001,3/2/2009
56,61102683955,Adrien,Flores,10/26/1961,doktor,sprzedawca,1/17/2012,
56,86080842154,Contessa,Jast,8/8/1986,średnie,sprzedawca,7/21/2006,
56,84062389976,Azzie,Maggio,6/23/1984,inżynier,sprzedawca,1/27/2003,
57,82061438431,Soon,Cremin,6/14/1982,technik,sprzedawca,1/14/2000,
57,85112947450,Melodie,Friesen,11/29/1985,magister,sprzedawca,2/3/2006,1/1/2009
57,76082873139,Valentin,Tremblay,8/28/1976,technik,sprzedawca,5/18/1995,
57,87103031139,Cathy,Schuppe,10/30/1987,średnie,sprzedawca,12/12/2008,
57,64081196175,Coletta,Bins,8/11/1964,magister,sprzedawca,8/23/2001,
57,89010654715,Elton,Rice,1/6/1989,inżynier,dyrektor,5/22/2011,
58,78082276011,Babara,Baumbach,8/22/1978,magister,sprzedawca,1/4/2004,
58,68010118816,Barton,Reinger,1/1/1968,magister,dyrektor,7/16/1991,
58,76091166897,Doria,Mills,9/11/1976,inżynier,sprzedawca,2/22/2001,6/17/2005
58,72060547890,Demetrice,Aimonetti,6/5/1972,średnie,sprzedawca,1/29/2011,
58,85121623857,Glinda,Patterson,12/16/1985,podstawowe,sprzedawca,5/5/2003,
58,81072079514,Dani,Weissnat,7/20/1981,profesor,sprzedawca,12/1/2006,
59,90030410195,Denver,Gulgowski,3/4/1990,profesor,sprzedawca,4/15/2009,
59,79031707453,Robby,Kuphal,3/17/1979,magister,sprzedawca,2/13/1998,5/7/2000
59,74032909859,Juliane,Walsh,3/29/1974,licencjat,sprzedawca,1/4/2005,6/21/2007
59,68121586434,Grisel,Emard,12/15/1968,profesor,sprzedawca,1/13/1996,
59,75110768098,Lavada,Fox,11/7/1975,magister,sprzedawca,8/29/1993,
59,75021766932,Fidelia,Torp,2/17/1975,podstawowe,sprzedawca,12/2/1999,
59,70111479996,Marhta,Carr,11/14/1970,inżynier,sprzedawca,12/11/2000,11/28/2004
59,85060260171,Juan,Renner,6/2/1985,średnie,dyrektor,3/6/2004,
60,83081208338,Laurette,Rohan,8/12/1983,magister,sprzedawca,6/10/2001,
60,79020388153,Jalisa,Olson,2/3/1979,podstawowe,sprzedawca,7/7/1998,8/21/2007
60,62041174995,Laine,Castillo,4/11/1962,magister,sprzedawca,4/10/1994,
60,85101879775,Rudy,Nikolaus,10/18/1985,profesor,sprzedawca,8/11/2011,
60,85050789576,Adelaida,Woods,5/7/1985,magister,sprzedawca,4/6/2011,
60,68090938915,Micaela,VonRueden,9/9/1968,średnie,sprzedawca,3/14/1996,6/8/2013
60,71122974795,Kaye,Kassulke,12/29/1971,profesor,sprzedawca,7/19/2006,11/8/2009
60,71072152991,Gaynelle,Matthews,7/21/1971,magister,dyrektor,9/3/1996,
61,64102539851,Ariane,Palmer,10/25/1964,inżynier,sprzedawca,1/10/1997,
61,76112691012,Tommy,Cox,11/26/1976,podstawowe,sprzedawca,5/9/1999,3/5/2014
61,69020809330,Chiquita,Nolan,2/8/1969,inżynier,sprzedawca,3/24/2005,11/15/2010
61,74111839273,Clyde,Okuneva,11/18/1974,doktor,sprzedawca,8/22/1992,4/23/2014
61,68102950854,Mammie,Henry,10/29/1968,magister,sprzedawca,11/17/2011,
61,65032984559,Brandon,Welch,3/29/1965,średnie,sprzedawca,10/1/1999,
61,81121320794,Claud,Fuller,12/13/1981,licencjat,sprzedawca,3/23/2007,
61,73032457898,Sherril,Stroman,3/24/1973,doktor,dyrektor,1/22/1991,
62,88031325697,Rosanne,Lopez,3/13/1988,profesor,dyrektor,3/14/2007,
62,72060672495,Trinh,Eichmann,6/6/1972,podstawowe,sprzedawca,1/7/2010,
62,77060792233,Derek,Muller,6/7/1977,magister,sprzedawca,2/13/2009,
62,77031485177,Leopoldo,Simonis,3/14/1977,inżynier,sprzedawca,10/24/1998,
62,80081678497,Paul,Wright,8/16/1980,średnie,sprzedawca,12/1/2010,
63,82081261318,Marcela,Christiansen,8/12/1982,doktor,sprzedawca,7/20/2001,
63,65091101430,Janyce,Zulauf,9/11/1965,profesor,sprzedawca,4/19/2001,
63,68081501254,Estell,Hahn,8/15/1968,licencjat,sprzedawca,4/29/2009,1/23/2013
63,62082082336,Candida,Keebler,8/20/1962,średnie,sprzedawca,8/14/2004,
63,89081851293,Arletha,Wyman,8/18/1989,średnie,sprzedawca,2/18/2011,
63,87041271374,Arianne,Crona,4/12/1987,technik,dyrektor,4/8/2005,
64,87070164456,Omar,Bruen,7/1/1987,profesor,dyrektor,1/15/2006,
64,71060931779,Tam,Ramos,6/9/1971,inżynier,sprzedawca,11/4/2006,
64,82052245138,Michelina,Ullrich,5/22/1982,doktor,sprzedawca,12/28/2007,
64,76100796718,Shanika,Reynolds,10/7/1976,doktor,sprzedawca,11/6/1995,
64,76021440172,Lorena,Jakubowski,2/14/1976,magister,sprzedawca,4/16/2011,
65,70070943556,Karren,Cartwright,7/9/1970,inżynier,dyrektor,8/21/1998,
65,70080649699,Philomena,Chavez,8/6/1970,technik,sprzedawca,12/8/2009,
65,85111137612,Cherry,Sauer,11/11/1985,licencjat,sprzedawca,7/24/2004,6/16/2008
65,79092851232,Lavona,Thompson,9/28/1979,technik,sprzedawca,3/30/2006,
65,71011845339,Tosha,Murazik,1/18/1971,doktor,sprzedawca,10/23/2001,
65,79030868252,Howard,Schimmel,3/8/1979,inżynier,sprzedawca,7/30/2006,
66,79033154215,Shaquana,Dare,3/31/1979,magister,sprzedawca,12/11/2012,4/1/2014
66,89071431472,Blanche,Hackett,7/14/1989,licencjat,sprzedawca,8/9/2012,
66,72081682130,Pete,Predovic,8/16/1972,doktor,sprzedawca,10/2/2005,12/21/2008
66,79091624394,Valencia,Perez,9/16/1979,podstawowe,sprzedawca,2/28/2008,2/7/2010
66,65020606977,Vincenzo,Corkery,2/6/1965,doktor,sprzedawca,9/13/1989,
66,68052357172,Kera,Bowman,5/23/1968,licencjat,dyrektor,8/1/1990,
66,78102428437,Shu,Simmons,10/24/1978,podstawowe,sprzedawca,4/2/2012,
66,86111325335,Andrew,Crona,11/13/1986,inżynier,sprzedawca,10/26/2011,
67,65031076952,Allegra,Labadie,3/10/1965,podstawowe,sprzedawca,8/20/1997,
67,72110842290,Jerilyn,Stehr,11/8/1972,technik,dyrektor,4/21/2006,
67,82042364511,Bernard,Romero,4/23/1982,profesor,sprzedawca,11/30/2004,11/5/2008
67,69060464513,Calista,Schinner,6/4/1969,licencjat,sprzedawca,3/29/1995,10/5/2013
67,77061096114,Beryl,Bartoletti,6/10/1977,technik,sprzedawca,3/25/2002,3/31/2012
67,66112915038,Ila,Andrews,11/29/1966,magister,sprzedawca,6/14/2009,
67,73101756714,Colin,Medina,10/17/1973,profesor,sprzedawca,1/31/2012,
67,76050936150,Houston,Sawayn,5/9/1976,profesor,sprzedawca,5/16/2012,
68,76030256650,Sharyn,Wunsch,3/2/1976,inżynier,sprzedawca,12/24/2004,
68,84012218439,Gil,Maggio,1/22/1984,podstawowe,sprzedawca,7/20/2006,12/25/2011
68,85111959357,Pia,Kilback,11/19/1985,średnie,sprzedawca,2/22/2010,
68,72092682819,Dorathy,Huel,9/26/1972,magister,sprzedawca,1/7/2005,
68,61090783271,Adriene,Hawkins,9/7/1961,inżynier,sprzedawca,8/9/1989,7/23/2007
68,79042553511,Yun,Nichols,4/25/1979,inżynier,sprzedawca,11/30/2001,
68,82080989350,Bradley,Oliver,8/9/1982,inżynier,sprzedawca,10/12/2000,1/6/2002
68,61042636435,Elvina,Waters,4/26/1961,inżynier,dyrektor,7/26/2005,
69,72012762195,Nubia,Fahey,1/27/1972,inżynier,sprzedawca,9/4/1998,
69,68063041530,Rosalinda,Morgan,6/30/1968,podstawowe,sprzedawca,5/8/2009,
69,80061896233,Farah,Griffin,6/18/1980,doktor,sprzedawca,12/5/2004,
69,88101499897,Ariana,Volkman,10/14/1988,licencjat,dyrektor,3/25/2009,
69,66040918057,Stephan,Sporer,4/9/1966,profesor,sprzedawca,5/26/1994,
70,64081126570,Bonny,Owens,8/11/1964,magister,sprzedawca,4/4/1995,
70,80111134096,Collette,Robel,11/11/1980,profesor,sprzedawca,3/29/2007,
70,64032370218,Aaron,Flores,3/23/1964,magister,sprzedawca,8/11/1989,
70,86072932759,Veda,Bowman,7/29/1986,podstawowe,sprzedawca,2/4/2004,
70,77112289672,Lea,Heathcote,11/22/1977,doktor,sprzedawca,11/27/2004,1/9/2011
70,78070679570,Lyda,Vasquez,7/6/1978,profesor,dyrektor,5/18/2009,
71,77071275334,Voncile,Hilpert,7/12/1977,technik,sprzedawca,7/15/2012,3/6/2014
71,81082406939,Velda,Satterfield,8/24/1981,średnie,sprzedawca,10/16/2000,
71,61031557374,Jenae,Wyman,3/15/1961,licencjat,sprzedawca,3/1/1994,11/28/1998
71,68112966175,Ava,Prohaska,11/29/1968,licencjat,sprzedawca,11/7/2008,5/19/2014
71,71061821358,Dudley,Montgomery,6/18/1971,licencjat,dyrektor,8/25/1999,
71,67020157514,Francoise,Burke,2/1/1967,inżynier,sprzedawca,9/30/2003,10/6/2009
71,84082163132,Hellen,Fahey,8/21/1984,podstawowe,sprzedawca,3/21/2010,
71,82021485316,Lorriane,Riley,2/14/1982,doktor,sprzedawca,3/12/2005,
71,63100496076,Monica,Sanders,10/4/1963,technik,sprzedawca,7/11/1999,
72,63020521052,Adelaide,Jacobs,2/5/1963,inżynier,sprzedawca,5/18/1981,8/4/2008
72,81030698830,Grant,Hansen,3/6/1981,podstawowe,sprzedawca,9/16/1999,12/18/2002
72,85032354334,Skye,Kertzmann,3/23/1985,podstawowe,sprzedawca,10/12/2008,
72,83080322633,Ruthie,Cummings,8/3/1983,doktor,sprzedawca,6/2/2006,
72,72062029479,Lelia,Kiehn,6/20/1972,inżynier,sprzedawca,5/23/2001,
72,85012323714,Beau,Hessel,1/23/1985,doktor,sprzedawca,9/21/2011,8/17/2014
72,76090681955,Lennie,Kuhic,9/6/1976,technik,dyrektor,5/16/2003,
72,74103040353,Rueben,Crist,10/30/1974,doktor,sprzedawca,4/14/1992,
73,77011457178,Nadine,Jenkins,1/14/1977,inżynier,dyrektor,1/25/2002,
73,74110114915,Nereida,Palmer,11/1/1974,profesor,sprzedawca,7/7/1993,3/31/2002
73,83113090375,Carylon,Day,11/30/1983,inżynier,sprzedawca,12/12/2011,6/30/2013
73,77101907392,Scottie,Hills,10/19/1977,podstawowe,sprzedawca,10/18/1999,
73,70051929836,Delaine,Runolfsdottir,5/19/1970,inżynier,sprzedawca,5/11/2011,
73,63071442490,Shawnta,Perry,7/14/1963,inżynier,sprzedawca,5/30/1988,4/16/2008
73,76040759871,Adriana,Mayer,4/7/1976,doktor,sprzedawca,6/30/1998,2/21/2001
73,83120349992,Benny,Dickens,12/3/1983,technik,sprzedawca,1/11/2006,8/20/2009
73,90102691574,Nakisha,Fox,10/26/1990,technik,sprzedawca,12/31/2011,1/13/2014
73,90111016056,Gabriel,Mayer,11/10/1990,doktor,sprzedawca,1/24/2010,
73,79080401377,Nanette,Washington,8/4/1979,podstawowe,sprzedawca,8/8/2000,6/23/2013
73,88041653450,Terica,Kris,4/16/1988,technik,sprzedawca,10/1/2012,
74,84120859614,Yun,Labadie,12/8/1984,licencjat,sprzedawca,6/20/2009,
74,69102495372,India,Willis,10/24/1969,licencjat,sprzedawca,9/1/1987,
74,74091406216,Gemma,Hahn,9/14/1974,technik,sprzedawca,1/15/2001,1/12/2010
74,65042416198,Rodolfo,Oberbrunner,4/24/1965,średnie,sprzedawca,10/30/1988,
74,61020823112,Berry,George,2/8/1961,profesor,dyrektor,9/29/1997,
74,87041838319,Ludivina,Jerde,4/18/1987,średnie,sprzedawca,8/1/2006,
75,73092943731,Mason,Wunsch,9/29/1973,magister,sprzedawca,6/28/1997,
75,70010348911,Freeda,Padberg,1/3/1970,profesor,sprzedawca,11/25/2003,
75,63041449098,Kerrie,Chavez,4/14/1963,średnie,sprzedawca,8/28/1995,10/1/2002
75,90080246993,Andres,Schaden,8/2/1990,doktor,sprzedawca,2/10/2012,
75,61070522474,Stephani,Wheeler,7/5/1961,technik,sprzedawca,10/25/2001,
75,87042478152,Michelina,Will,4/24/1987,technik,dyrektor,1/3/2010,
76,75112180610,Tammi,Garrett,11/21/1975,podstawowe,sprzedawca,6/18/1998,
76,62100793831,Wai,Funk,10/7/1962,magister,sprzedawca,3/6/2010,
76,85072997274,Darwin,Osinski,7/29/1985,magister,sprzedawca,2/20/2009,
76,69091824313,Vanessa,Bogisich,9/18/1969,technik,sprzedawca,5/26/2006,
76,61071315370,Yung,Yundt,7/13/1961,magister,dyrektor,3/2/1990,
77,75010462791,Patience,Parisian,1/4/1975,profesor,dyrektor,12/22/2012,
77,73121382812,Clair,Gilbert,12/13/1973,podstawowe,sprzedawca,2/18/2004,6/16/2011
77,83111372176,Carlene,Weber,11/13/1983,doktor,sprzedawca,9/9/2010,
77,70020625358,Tarra,Henry,2/6/1970,podstawowe,sprzedawca,7/16/1999,
77,79051530811,Emelia,Garcia,5/15/1979,technik,sprzedawca,12/13/1999,
77,84062135911,Edmundo,Sauer,6/21/1984,magister,sprzedawca,6/3/2006,9/23/2014
77,82051414959,Lawana,Crona,5/14/1982,podstawowe,sprzedawca,5/17/2004,
78,77032678330,Tricia,Flatley,3/26/1977,podstawowe,sprzedawca,8/22/2011,2/16/2013
78,61113079437,Orval,Bradtke,11/30/1961,inżynier,sprzedawca,6/22/1984,8/19/1992
78,87052268514,Cherilyn,Meyer,5/22/1987,licencjat,sprzedawca,3/5/2010,10/11/2013
78,64091728452,Necole,Jaskolski,9/17/1964,średnie,sprzedawca,6/9/2006,
78,76102957153,Lesha,Keebler,10/29/1976,licencjat,sprzedawca,2/17/2008,8/25/2010
78,75073139739,Estella,Ferguson,7/31/1975,doktor,sprzedawca,6/10/2004,
78,61051773815,Felicia,Legros,5/17/1961,technik,sprzedawca,7/26/1986,
78,83101993716,Michel,Yost,10/19/1983,inżynier,sprzedawca,9/25/2008,
78,81110457810,Zina,Evans,11/4/1981,podstawowe,dyrektor,11/27/2002,
79,72092729495,Domingo,Upton,9/27/1972,licencjat,sprzedawca,6/24/2006,9/10/2011
79,65092531573,Shelton,Bartell,9/25/1965,technik,sprzedawca,2/17/1985,10/20/1993
79,89010510491,Margherita,Wheeler,1/5/1989,licencjat,sprzedawca,6/28/2008,3/28/2013
79,86070263059,Malissa,Pagac,7/2/1986,podstawowe,sprzedawca,4/18/2012,
79,64081414378,Paul,Bell,8/14/1964,magister,sprzedawca,8/6/2011,
79,69011530092,Mia,Bell,1/15/1969,licencjat,sprzedawca,11/9/1993,
79,79042322012,Traci,Veum,4/23/1979,licencjat,sprzedawca,11/6/2003,2/13/2010
79,63031434532,Lucio,Hayes,3/14/1963,licencjat,sprzedawca,4/22/1998,
79,68092683059,Epifania,O'Keefe,9/26/1968,średnie,dyrektor,12/15/1996,
80,62021606456,Douglas,Jones,2/16/1962,magister,sprzedawca,2/23/1980,
80,90091880472,Marlyn,McCullough,9/18/1990,doktor,dyrektor,7/18/2010,
80,62102498758,Colin,Freeman,10/24/1962,średnie,sprzedawca,10/24/2009,
80,73030520877,Kylie,Huel,3/5/1973,technik,sprzedawca,4/5/2000,
80,76092557557,Emiko,Beahan,9/25/1976,podstawowe,sprzedawca,2/20/2011,7/30/2013
80,85102009173,Chau,Hermiston,10/20/1985,średnie,sprzedawca,7/30/2012,
81,80070196779,Agnes,Bernier,7/1/1980,inżynier,sprzedawca,5/1/2007,
81,67111606637,Romaine,Koss,11/16/1967,inżynier,dyrektor,2/22/2008,
81,69082045152,Dirk,Parisian,8/20/1969,podstawowe,sprzedawca,3/20/2001,
81,67101914935,Mariel,Barton,10/19/1967,magister,sprzedawca,7/11/1985,
81,67010565215,Jerlene,Morissette,1/5/1967,inżynier,sprzedawca,8/26/2002,10/14/2011
81,65062389197,Duncan,Will,6/23/1965,średnie,sprzedawca,10/4/1985,
82,77012282030,Lenard,Cronin,1/22/1977,profesor,dyrektor,5/25/2008,
82,62122557952,Berniece,Muller,12/25/1962,doktor,sprzedawca,12/11/1998,
82,83011405158,Shanon,Kihn,1/14/1983,technik,sprzedawca,5/10/2012,
82,63072603393,Dessie,Morrison,7/26/1963,doktor,sprzedawca,7/23/2008,
82,88022683012,Amos,Feest,2/26/1988,licencjat,sprzedawca,3/23/2006,
83,85021882916,Jamaal,Dean,2/18/1985,magister,sprzedawca,6/19/2006,
83,66072223736,Maritza,Walker,7/22/1966,technik,sprzedawca,5/8/1992,4/12/2005
83,64062270337,Nancey,Mohr,6/22/1964,doktor,sprzedawca,2/20/2000,
83,68020976338,Harris,Rath,2/9/1968,magister,dyrektor,11/18/2004,
83,78080449851,Alfredo,Rau,8/4/1978,inżynier,sprzedawca,10/12/2002,
83,87050676492,Bao,Aimonetti,5/6/1987,doktor,sprzedawca,9/10/2006,
84,83050630632,Tennille,Ruiz,5/6/1983,inżynier,sprzedawca,3/3/2003,
84,65120215714,Agripina,Greenholt,12/2/1965,średnie,sprzedawca,2/20/1990,
84,70032892878,Clara,Jacobs,3/28/1970,doktor,sprzedawca,2/26/2002,7/14/2004
84,79030364734,Andera,Grady,3/3/1979,profesor,sprzedawca,5/1/2003,
84,78101611418,Luciano,Bahringer,10/16/1978,średnie,dyrektor,6/23/1997,
84,81101334195,Shellie,Hickle,10/13/1981,magister,sprzedawca,4/13/2009,
85,61101380310,Asa,Macejkovic,10/13/1961,średnie,sprzedawca,12/19/2002,
85,67123151914,Sha,Homenick,12/31/1967,inżynier,sprzedawca,12/22/2006,
85,74061756714,Avelina,Walker,6/17/1974,średnie,sprzedawca,4/19/1993,8/27/2003
85,78031240579,Lashawnda,Hintz,3/12/1978,podstawowe,sprzedawca,7/16/2010,
85,73012114272,Yolando,Heathcote,1/21/1973,średnie,dyrektor,5/30/1997,
85,77010248012,Marti,Moore,1/2/1977,licencjat,sprzedawca,2/20/2000,
86,90100107914,Rolanda,Ruiz,10/1/1990,technik,sprzedawca,8/21/2011,2/15/2014
86,70030103639,Cheryle,Hickle,3/1/1970,profesor,dyrektor,8/2/2000,
86,83080278712,Roberto,Hodkiewicz,8/2/1983,inżynier,sprzedawca,7/29/2011,10/19/2013
86,69081720038,Elke,Hahn,8/17/1969,licencjat,sprzedawca,5/27/2010,
86,63120397195,Nida,Ryan,12/3/1963,profesor,sprzedawca,10/28/1992,
86,68032843017,Selina,Schmeler,3/28/1968,profesor,sprzedawca,4/26/2003,
86,89111300236,Libby,Collins,11/13/1989,licencjat,sprzedawca,5/5/2009,
87,69013095555,Ardella,Reed,1/30/1969,inżynier,sprzedawca,12/23/1989,9/20/2013
87,90021177838,Carmelia,Pouros,2/11/1990,technik,sprzedawca,11/12/2010,2/1/2013
87,79010683332,Shu,Romero,1/6/1979,magister,sprzedawca,3/11/1998,
87,83032714992,Wanda,Carpenter,3/27/1983,średnie,sprzedawca,1/9/2007,
87,71081452611,Cristie,Lee,8/14/1971,profesor,sprzedawca,9/16/1998,
87,84111889154,Thuy,Schumm,11/18/1984,doktor,sprzedawca,3/18/2008,
87,64050569830,My,Kertzmann,5/5/1964,magister,dyrektor,12/21/1994,
88,84051621971,Agueda,Hand,5/16/1984,profesor,sprzedawca,6/5/2009,
88,89072585958,Tad,Lind,7/25/1989,podstawowe,dyrektor,5/9/2010,
88,79072829376,Delisa,Franecki,7/28/1979,doktor,sprzedawca,2/11/2005,
88,61030692676,Chia,Lane,3/6/1961,doktor,sprzedawca,5/14/1985,3/9/1993
88,79032801019,Bambi,Ryan,3/28/1979,licencjat,sprzedawca,12/15/1999,
88,86111815351,Temple,Garza,11/18/1986,inżynier,sprzedawca,4/25/2008,1/1/2011
88,74070119333,Corina,Lemke,7/1/1974,doktor,sprzedawca,10/16/2002,6/12/2014
88,80110414870,Deborah,Morgan,11/4/1980,technik,sprzedawca,1/12/2001,6/14/2014
88,84031846110,Wendie,Cummings,3/18/1984,doktor,sprzedawca,11/29/2010,11/16/2012
88,64031542377,Randal,Breitenberg,3/15/1964,podstawowe,sprzedawca,3/19/1998,
89,68090466597,Salina,Meyer,9/4/1968,inżynier,dyrektor,3/13/1994,
89,77101768076,Karrie,Koepp,10/17/1977,licencjat,sprzedawca,3/11/2009,
89,66042727091,Shavon,Stanley,4/27/1966,technik,sprzedawca,2/16/1997,
89,83053055393,Lorna,Jast,5/30/1983,doktor,sprzedawca,11/28/2005,
89,66101602772,Lucrecia,Martin,10/16/1966,licencjat,sprzedawca,1/28/1989,
90,64011846134,Kymberly,Stark,1/18/1964,profesor,sprzedawca,6/16/1987,
90,76122342414,Corrina,Bradley,12/23/1976,inżynier,sprzedawca,6/15/2002,1/2/2014
90,72091729052,Ivan,Crona,9/17/1972,profesor,sprzedawca,1/7/2012,
90,80070174375,Carl,Windler,7/1/1980,podstawowe,dyrektor,9/12/2002,
90,86062168092,Sherron,Lindgren,6/21/1986,średnie,sprzedawca,5/10/2011,
90,73112778958,Ammie,Ratke,11/27/1973,profesor,sprzedawca,6/5/2001,
91,72091402270,Karoline,Hawkins,9/14/1972,podstawowe,sprzedawca,7/17/1992,
91,85030368753,Juliana,Gusikowski,3/3/1985,licencjat,sprzedawca,12/16/2009,7/16/2014
91,70052207913,Britteny,Hirthe,5/22/1970,inżynier,sprzedawca,5/25/2001,
91,77121463997,Theresa,Gordon,12/14/1977,podstawowe,sprzedawca,5/5/1998,4/26/2014
91,70070147431,Rochell,Hartmann,7/1/1970,profesor,sprzedawca,10/6/2003,
91,70052501352,Meryl,Jackson,5/25/1970,doktor,sprzedawca,1/3/2012,
91,76060444737,Virginia,Daugherty,6/4/1976,inżynier,dyrektor,7/13/2010,
92,87061413756,Roseanne,Kshlerin,6/14/1987,inżynier,sprzedawca,5/19/2011,
92,62071181592,Pat,VonRueden,7/11/1962,inżynier,sprzedawca,3/27/1986,
92,83120530475,Shelley,Kuphal,12/5/1983,profesor,sprzedawca,2/21/2004,9/1/2011
92,64102414914,Shawana,Gerhold,10/24/1964,magister,sprzedawca,4/2/1985,
92,81111052212,Chara,Hegmann,11/10/1981,podstawowe,dyrektor,12/4/2007,
92,86020186971,Luana,Prosacco,2/1/1986,średnie,sprzedawca,4/4/2011,
93,88031341651,Pei,Ritchie,3/13/1988,średnie,sprzedawca,11/22/2008,
93,85110477418,Mariella,Doyle,11/4/1985,magister,sprzedawca,10/14/2006,
93,89092009719,Carlota,Foster,9/20/1989,profesor,dyrektor,7/29/2011,
93,67121224894,Lucy,Langworth,12/12/1967,technik,sprzedawca,12/17/2004,
93,84030500716,Elodia,Effertz,3/5/1984,inżynier,sprzedawca,10/16/2009,
94,68060445450,Dillon,Wagner,6/4/1968,profesor,sprzedawca,12/20/1997,
94,63121412413,Perla,Jerde,12/14/1963,licencjat,sprzedawca,1/12/2000,6/6/2005
94,87032764711,Sharie,Considine,3/27/1987,technik,sprzedawca,9/1/2005,3/31/2010
94,83062565157,Mariana,Keeling,6/25/1983,inżynier,sprzedawca,7/25/2006,6/6/2011
94,75090617038,Stephania,Gerlach,9/6/1975,doktor,dyrektor,10/19/1999,
94,68021290772,Shanae,Boyer,2/12/1968,profesor,sprzedawca,7/2/1994,
94,72071800519,Cyrstal,Rutherford,7/18/1972,magister,sprzedawca,3/21/1999,
94,85012526773,Maire,Lewis,1/25/1985,podstawowe,sprzedawca,12/3/2005,
95,79091497011,Sharice,Hall,9/14/1979,doktor,dyrektor,8/16/2000,
95,86111806595,Tracee,Lang,11/18/1986,średnie,sprzedawca,8/8/2004,11/7/2014
95,74100687555,Suellen,Larkin,10/6/1974,inżynier,sprzedawca,11/15/1994,
95,84041425239,Arie,Stewart,4/14/1984,średnie,sprzedawca,1/1/2006,12/31/2009
95,90100494858,Maricela,Reinger,10/4/1990,technik,sprzedawca,4/5/2010,
95,72022747034,Tiara,Tucker,2/27/1972,technik,sprzedawca,4/7/1991,
95,76030136695,Mozelle,Alvarez,3/1/1976,średnie,sprzedawca,7/30/2003,
96,75111004218,Gilbert,Chapman,11/10/1975,profesor,sprzedawca,8/6/2009,
96,82112527530,Margaretta,Daugherty,11/25/1982,podstawowe,sprzedawca,1/22/2011,
96,61051233597,Adah,Hudson,5/12/1961,podstawowe,sprzedawca,1/19/2001,
96,82102558218,Hyman,Parisian,10/25/1982,doktor,sprzedawca,5/1/2008,
96,74102295235,Jamee,Greenfelder,10/22/1974,inżynier,dyrektor,7/17/2003,
97,64011294098,Ernesto,Weber,1/12/1964,inżynier,sprzedawca,11/14/1985,3/3/2003
97,80020260219,Lean,Myers,2/2/1980,licencjat,sprzedawca,9/6/2006,
97,64071071114,Rosetta,Dean,7/10/1964,technik,sprzedawca,1/16/2006,
97,70062964734,Damian,Schroeder,6/29/1970,licencjat,dyrektor,4/4/2004,
97,77103024093,Denyse,Henry,10/30/1977,inżynier,sprzedawca,2/11/2005,
97,84112560553,Barney,Fahey,11/25/1984,technik,sprzedawca,6/13/2008,3/5/2014
97,85051926455,Winford,Moreno,5/19/1985,licencjat,sprzedawca,12/1/2010,7/17/2013
97,87041523518,Samatha,Purdy,4/15/1987,inżynier,sprzedawca,10/6/2008,
98,61040962914,Harley,McLaughlin,4/9/1961,technik,sprzedawca,12/16/2001,
98,63082689592,Cindy,DuBuque,8/26/1963,licencjat,sprzedawca,11/25/1990,
98,90041219718,Nita,Gordon,4/12/1990,licencjat,sprzedawca,3/6/2008,
98,62041359493,Rhea,Wolff,4/13/1962,magister,sprzedawca,5/4/2012,
98,71111544934,Abraham,Hunter,11/15/1971,licencjat,sprzedawca,3/17/2009,11/14/2014
98,79081497850,Natisha,Kassulke,8/14/1979,technik,dyrektor,2/18/2006,
99,62083039559,Jordan,Boyer,8/30/1962,licencjat,sprzedawca,2/28/1998,
99,89112203538,Sharleen,Sullivan,11/22/1989,technik,sprzedawca,3/28/2009,
99,83071415775,Annemarie,Friesen,7/14/1983,podstawowe,sprzedawca,6/16/2002,3/19/2010
99,72041317474,Delana,Robel,4/13/1972,doktor,sprzedawca,1/11/2005,9/23/2007
99,75060809250,Fredda,Kihn,6/8/1975,technik,sprzedawca,7/15/2008,
99,67100870896,Belva,Holmes,10/8/1967,podstawowe,sprzedawca,5/30/2006,3/15/2009
99,73030451993,Jamika,Arnold,3/4/1973,magister,sprzedawca,11/12/2003,5/1/2009
99,66071404651,Sally,Schuster,7/14/1966,średnie,sprzedawca,3/2/2010,
99,79050845835,Wally,Morissette,5/8/1979,inżynier,dyrektor,4/19/2012,
100,81121583218,Faustina,Wilson,12/15/1981,doktor,sprzedawca,11/19/2000,
100,82062050539,Perla,Fritsch,6/20/1982,magister,dyrektor,7/25/2009,
100,67022484472,Melonie,Sauer,2/24/1967,podstawowe,sprzedawca,10/3/2002,3/1/2007
100,87061928278,Carolyn,Morales,6/19/1987,technik,sprzedawca,3/12/2006,
100,82072905373,Ai,Bartell,7/29/1982,doktor,sprzedawca,10/25/2006,
100,63070990451,Michele,Streich,7/9/1963,magister,sprzedawca,2/12/2004,2/2/2012
100,62042460936,Stuart,Crawford,4/24/1962,magister,sprzedawca,5/19/1998,5/27/2000
100,75082706656,Scottie,Kulas,8/27/1975,magister,sprzedawca,10/3/2006,
